order_id,date,region,product,sales_channel,customer_segment,units_sold,unit_price,discount_pct,revenue,cost,profit
ORD-0001,2025-04-01,North,Laptop,Online,Consumer,10,1099.00,0,10990.00,6813.80,4176.20
ORD-0002,2025-04-02,South,Headphones,Partner,Small Business,11,129.00,5,1348.05,889.71,458.34
ORD-0003,2025-04-03,East,Monitor,Retail,Home Office,12,299.00,10,3229.20,2228.15,1001.05
ORD-0004,2025-04-04,West,Keyboard,Online,Corporate,13,79.00,15,872.95,637.25,235.70
ORD-0005,2025-04-05,North,Mouse,Partner,Consumer,14,39.00,0,546.00,338.52,207.48
ORD-0006,2025-04-06,South,Tablet,Retail,Small Business,15,499.00,5,7110.75,4693.10,2417.65
ORD-0007,2025-04-07,East,Webcam,Online,Home Office,16,89.00,10,1281.60,884.30,397.30
ORD-0008,2025-04-08,West,Smartphone,Partner,Corporate,17,899.00,15,12990.55,9483.10,3507.45
ORD-0009,2025-04-09,North,Laptop,Retail,Consumer,18,1099.00,0,19782.00,12264.84,7517.16
ORD-0010,2025-04-10,South,Headphones,Online,Small Business,19,129.00,5,2328.45,1536.78,791.67
ORD-0011,2025-04-11,East,Monitor,Partner,Home Office,20,299.00,10,5382.00,3713.58,1668.42
ORD-0012,2025-04-12,West,Keyboard,Retail,Corporate,21,79.00,15,1410.15,1029.41,380.74
ORD-0013,2025-04-13,North,Mouse,Online,Consumer,22,39.00,0,858.00,531.96,326.04
ORD-0014,2025-04-14,South,Tablet,Partner,Small Business,23,499.00,5,10903.15,7196.08,3707.07
ORD-0015,2025-04-15,East,Webcam,Retail,Home Office,24,89.00,10,1922.40,1326.46,595.94
ORD-0016,2025-04-16,West,Smartphone,Online,Corporate,25,899.00,15,19103.75,13945.74,5158.01
ORD-0017,2025-04-17,North,Laptop,Partner,Consumer,26,1099.00,0,28574.00,17715.88,10858.12
ORD-0018,2025-04-18,South,Headphones,Retail,Small Business,27,129.00,5,3308.85,2183.84,1125.01
ORD-0019,2025-04-19,East,Monitor,Online,Home Office,28,299.00,10,7534.80,5199.01,2335.79
ORD-0020,2025-04-20,West,Keyboard,Partner,Corporate,29,79.00,15,1947.35,1421.57,525.78
ORD-0021,2025-04-21,North,Mouse,Retail,Consumer,30,39.00,0,1170.00,725.40,444.60
ORD-0022,2025-04-22,South,Tablet,Online,Small Business,31,499.00,5,14695.55,9699.06,4996.49
ORD-0023,2025-04-23,East,Webcam,Partner,Home Office,32,89.00,10,2563.20,1768.61,794.59
ORD-0024,2025-04-24,West,Smartphone,Retail,Corporate,33,899.00,15,25216.95,18408.37,6808.58
ORD-0025,2025-04-25,North,Laptop,Online,Consumer,34,1099.00,0,37366.00,23166.92,14199.08
ORD-0026,2025-04-26,South,Headphones,Partner,Small Business,35,129.00,5,4289.25,2830.91,1458.34
ORD-0027,2025-04-27,East,Monitor,Retail,Home Office,36,299.00,10,9687.60,6684.44,3003.16
ORD-0028,2025-04-28,West,Keyboard,Online,Corporate,37,79.00,15,2484.55,1813.72,670.83
ORD-0029,2025-04-29,North,Mouse,Partner,Consumer,38,39.00,0,1482.00,918.84,563.16
ORD-0030,2025-04-30,South,Tablet,Retail,Small Business,39,499.00,5,18487.95,12202.05,6285.90
ORD-0031,2025-05-01,East,Webcam,Online,Home Office,40,89.00,10,3204.00,2210.76,993.24
ORD-0032,2025-05-02,West,Smartphone,Partner,Corporate,41,899.00,15,31330.15,22871.01,8459.14
ORD-0033,2025-05-03,North,Laptop,Retail,Consumer,42,1099.00,0,46158.00,28617.96,17540.04
ORD-0034,2025-05-04,South,Headphones,Online,Small Business,43,129.00,5,5269.65,3477.97,1791.68
ORD-0035,2025-05-05,East,Monitor,Partner,Home Office,44,299.00,10,11840.40,8169.88,3670.52
ORD-0036,2025-05-06,West,Keyboard,Retail,Corporate,45,79.00,15,3021.75,2205.88,815.87
ORD-0037,2025-05-07,North,Mouse,Online,Consumer,46,39.00,0,1794.00,1112.28,681.72
ORD-0038,2025-05-08,South,Tablet,Partner,Small Business,47,499.00,5,22280.35,14705.03,7575.32
ORD-0039,2025-05-09,East,Webcam,Retail,Home Office,48,89.00,10,3844.80,2652.91,1191.89
ORD-0040,2025-05-10,West,Smartphone,Online,Corporate,49,899.00,15,37443.35,27333.65,10109.70
ORD-0041,2025-05-11,North,Laptop,Partner,Consumer,50,1099.00,0,54950.00,34069.00,20881.00
ORD-0042,2025-05-12,South,Headphones,Retail,Small Business,51,129.00,5,6250.05,4125.03,2125.02
ORD-0043,2025-05-13,East,Monitor,Online,Home Office,52,299.00,10,13993.20,9655.31,4337.89
ORD-0044,2025-05-14,West,Keyboard,Partner,Corporate,53,79.00,15,3558.95,2598.03,960.92
ORD-0045,2025-05-15,North,Mouse,Retail,Consumer,54,39.00,0,2106.00,1305.72,800.28
ORD-0046,2025-05-16,South,Tablet,Online,Small Business,55,499.00,5,26072.75,17208.01,8864.74
ORD-0047,2025-05-17,East,Webcam,Partner,Home Office,56,89.00,10,4485.60,3095.06,1390.54
ORD-0048,2025-05-18,West,Smartphone,Retail,Corporate,57,899.00,15,43556.55,31796.28,11760.27
ORD-0049,2025-05-19,North,Laptop,Online,Consumer,58,1099.00,0,63742.00,39520.04,24221.96
ORD-0050,2025-05-20,South,Headphones,Partner,Small Business,59,129.00,5,7230.45,4772.10,2458.35
ORD-0051,2025-05-21,East,Monitor,Retail,Home Office,60,299.00,10,16146.00,11140.74,5005.26
ORD-0052,2025-05-22,West,Keyboard,Online,Corporate,61,79.00,15,4096.15,2990.19,1105.96
ORD-0053,2025-05-23,North,Mouse,Partner,Consumer,62,39.00,0,2418.00,1499.16,918.84
ORD-0054,2025-05-24,South,Tablet,Retail,Small Business,63,499.00,5,29865.15,19711.00,10154.15
ORD-0055,2025-05-25,East,Webcam,Online,Home Office,64,89.00,10,5126.40,3537.22,1589.18
ORD-0056,2025-05-26,West,Smartphone,Partner,Corporate,65,899.00,15,49669.75,36258.92,13410.83
ORD-0057,2025-05-27,North,Laptop,Retail,Consumer,66,1099.00,0,72534.00,44971.08,27562.92
ORD-0058,2025-05-28,South,Headphones,Online,Small Business,67,129.00,5,8210.85,5419.16,2791.69
ORD-0059,2025-05-29,East,Monitor,Partner,Home Office,68,299.00,10,18298.80,12626.17,5672.63
ORD-0060,2025-05-30,West,Keyboard,Retail,Corporate,69,79.00,15,4633.35,3382.35,1251.00
ORD-0061,2025-05-31,North,Mouse,Online,Consumer,70,39.00,0,2730.00,1692.60,1037.40
ORD-0062,2025-06-01,South,Tablet,Partner,Small Business,71,499.00,5,33657.55,22213.98,11443.57
ORD-0063,2025-06-02,East,Webcam,Retail,Home Office,72,89.00,10,5767.20,3979.37,1787.83
ORD-0064,2025-06-03,West,Smartphone,Online,Corporate,73,899.00,15,55782.95,40721.55,15061.40
ORD-0065,2025-06-04,North,Laptop,Partner,Consumer,74,1099.00,0,81326.00,50422.12,30903.88
ORD-0066,2025-06-05,South,Headphones,Retail,Small Business,75,129.00,5,9191.25,6066.23,3125.02
ORD-0067,2025-06-06,East,Monitor,Online,Home Office,76,299.00,10,20451.60,14111.60,6340.00
ORD-0068,2025-06-07,West,Keyboard,Partner,Corporate,10,79.00,15,671.50,490.19,181.31
ORD-0069,2025-06-08,North,Mouse,Retail,Consumer,11,39.00,0,429.00,265.98,163.02
ORD-0070,2025-06-09,South,Tablet,Online,Small Business,12,499.00,5,5688.60,3754.48,1934.12
ORD-0071,2025-06-10,East,Webcam,Partner,Home Office,13,89.00,10,1041.30,718.50,322.80
ORD-0072,2025-06-11,West,Smartphone,Retail,Corporate,14,899.00,15,10698.10,7809.61,2888.49
ORD-0073,2025-06-12,North,Laptop,Online,Consumer,15,1099.00,0,16485.00,10220.70,6264.30
ORD-0074,2025-06-13,South,Headphones,Partner,Small Business,16,129.00,5,1960.80,1294.13,666.67
ORD-0075,2025-06-14,East,Monitor,Retail,Home Office,17,299.00,10,4574.70,3156.54,1418.16
ORD-0076,2025-06-15,West,Keyboard,Online,Corporate,18,79.00,15,1208.70,882.35,326.35
ORD-0077,2025-06-16,North,Mouse,Partner,Consumer,19,39.00,0,741.00,459.42,281.58
ORD-0078,2025-06-17,South,Tablet,Retail,Small Business,20,499.00,5,9481.00,6257.46,3223.54
ORD-0079,2025-06-18,East,Webcam,Online,Home Office,21,89.00,10,1682.10,1160.65,521.45
ORD-0080,2025-06-19,West,Smartphone,Partner,Corporate,22,899.00,15,16811.30,12272.25,4539.05
ORD-0081,2025-06-20,North,Laptop,Retail,Consumer,23,1099.00,0,25277.00,15671.74,9605.26
ORD-0082,2025-06-21,South,Headphones,Online,Small Business,24,129.00,5,2941.20,1941.19,1000.01
ORD-0083,2025-06-22,East,Monitor,Partner,Home Office,25,299.00,10,6727.50,4641.97,2085.53
ORD-0084,2025-06-23,West,Keyboard,Retail,Corporate,26,79.00,15,1745.90,1274.51,471.39
ORD-0085,2025-06-24,North,Mouse,Online,Consumer,27,39.00,0,1053.00,652.86,400.14
ORD-0086,2025-06-25,South,Tablet,Partner,Small Business,28,499.00,5,13273.40,8760.44,4512.96
ORD-0087,2025-06-26,East,Webcam,Retail,Home Office,29,89.00,10,2322.90,1602.80,720.10
ORD-0088,2025-06-27,West,Smartphone,Online,Corporate,30,899.00,15,22924.50,16734.88,6189.62
ORD-0089,2025-06-28,North,Laptop,Partner,Consumer,31,1099.00,0,34069.00,21122.78,12946.22
ORD-0090,2025-06-29,South,Headphones,Retail,Small Business,32,129.00,5,3921.60,2588.26,1333.34
ORD-0091,2025-06-30,East,Monitor,Online,Home Office,33,299.00,10,8880.30,6127.41,2752.89
ORD-0092,2025-07-01,West,Keyboard,Partner,Corporate,34,79.00,15,2283.10,1666.66,616.44
ORD-0093,2025-07-02,North,Mouse,Retail,Consumer,35,39.00,0,1365.00,846.30,518.70
ORD-0094,2025-07-03,South,Tablet,Online,Small Business,36,499.00,5,17065.80,11263.43,5802.37
ORD-0095,2025-07-04,East,Webcam,Partner,Home Office,37,89.00,10,2963.70,2044.95,918.75
ORD-0096,2025-07-05,West,Smartphone,Retail,Corporate,38,899.00,15,29037.70,21197.52,7840.18
ORD-0097,2025-07-06,North,Laptop,Online,Consumer,39,1099.00,0,42861.00,26573.82,16287.18
ORD-0098,2025-07-07,South,Headphones,Partner,Small Business,40,129.00,5,4902.00,3235.32,1666.68
ORD-0099,2025-07-08,East,Monitor,Retail,Home Office,41,299.00,10,11033.10,7612.84,3420.26
ORD-0100,2025-07-09,West,Keyboard,Online,Corporate,42,79.00,15,2820.30,2058.82,761.48
ORD-0101,2025-07-10,North,Mouse,Partner,Consumer,43,39.00,0,1677.00,1039.74,637.26
ORD-0102,2025-07-11,South,Tablet,Retail,Small Business,44,499.00,5,20858.20,13766.41,7091.79
ORD-0103,2025-07-12,East,Webcam,Online,Home Office,45,89.00,10,3604.50,2487.11,1117.39
ORD-0104,2025-07-13,West,Smartphone,Partner,Corporate,46,899.00,15,35150.90,25660.16,9490.74
ORD-0105,2025-07-14,North,Laptop,Retail,Consumer,47,1099.00,0,51653.00,32024.86,19628.14
ORD-0106,2025-07-15,South,Headphones,Online,Small Business,48,129.00,5,5882.40,3882.38,2000.02
ORD-0107,2025-07-16,East,Monitor,Partner,Home Office,49,299.00,10,13185.90,9098.27,4087.63
ORD-0108,2025-07-17,West,Keyboard,Retail,Corporate,50,79.00,15,3357.50,2450.97,906.53
ORD-0109,2025-07-18,North,Mouse,Online,Consumer,51,39.00,0,1989.00,1233.18,755.82
ORD-0110,2025-07-19,South,Tablet,Partner,Small Business,52,499.00,5,24650.60,16269.40,8381.20
ORD-0111,2025-07-20,East,Webcam,Retail,Home Office,53,89.00,10,4245.30,2929.26,1316.04
ORD-0112,2025-07-21,West,Smartphone,Online,Corporate,54,899.00,15,41264.10,30122.79,11141.31
ORD-0113,2025-07-22,North,Laptop,Partner,Consumer,55,1099.00,0,60445.00,37475.90,22969.10
ORD-0114,2025-07-23,South,Headphones,Retail,Small Business,56,129.00,5,6862.80,4529.45,2333.35
ORD-0115,2025-07-24,East,Monitor,Online,Home Office,57,299.00,10,15338.70,10583.70,4755.00
ORD-0116,2025-07-25,West,Keyboard,Partner,Corporate,58,79.00,15,3894.70,2843.13,1051.57
ORD-0117,2025-07-26,North,Mouse,Retail,Consumer,59,39.00,0,2301.00,1426.62,874.38
ORD-0118,2025-07-27,South,Tablet,Online,Small Business,60,499.00,5,28443.00,18772.38,9670.62
ORD-0119,2025-07-28,East,Webcam,Partner,Home Office,61,89.00,10,4886.10,3371.41,1514.69
ORD-0120,2025-07-29,West,Smartphone,Retail,Corporate,62,899.00,15,47377.30,34585.43,12791.87
ORD-0121,2025-07-30,North,Laptop,Online,Consumer,63,1099.00,0,69237.00,42926.94,26310.06
ORD-0122,2025-07-31,South,Headphones,Partner,Small Business,64,129.00,5,7843.20,5176.51,2666.69
ORD-0123,2025-08-01,East,Monitor,Retail,Home Office,65,299.00,10,17491.50,12069.13,5422.37
ORD-0124,2025-08-02,West,Keyboard,Online,Corporate,66,79.00,15,4431.90,3235.29,1196.61
ORD-0125,2025-08-03,North,Mouse,Partner,Consumer,67,39.00,0,2613.00,1620.06,992.94
ORD-0126,2025-08-04,South,Tablet,Retail,Small Business,68,499.00,5,32235.40,21275.36,10960.04
ORD-0127,2025-08-05,East,Webcam,Online,Home Office,69,89.00,10,5526.90,3813.56,1713.34
ORD-0128,2025-08-06,West,Smartphone,Partner,Corporate,70,899.00,15,53490.50,39048.07,14442.43
ORD-0129,2025-08-07,North,Laptop,Retail,Consumer,71,1099.00,0,78029.00,48377.98,29651.02
ORD-0130,2025-08-08,South,Headphones,Online,Small Business,72,129.00,5,8823.60,5823.58,3000.02
ORD-0131,2025-08-09,East,Monitor,Partner,Home Office,73,299.00,10,19644.30,13554.57,6089.73
ORD-0132,2025-08-10,West,Keyboard,Retail,Corporate,74,79.00,15,4969.10,3627.44,1341.66
ORD-0133,2025-08-11,North,Mouse,Online,Consumer,75,39.00,0,2925.00,1813.50,1111.50
ORD-0134,2025-08-12,South,Tablet,Partner,Small Business,76,499.00,5,36027.80,23778.35,12249.45
ORD-0135,2025-08-13,East,Webcam,Retail,Home Office,10,89.00,10,801.00,552.69,248.31
ORD-0136,2025-08-14,West,Smartphone,Online,Corporate,11,899.00,15,8405.65,6136.12,2269.53
ORD-0137,2025-08-15,North,Laptop,Partner,Consumer,12,1099.00,0,13188.00,8176.56,5011.44
ORD-0138,2025-08-16,South,Headphones,Retail,Small Business,13,129.00,5,1593.15,1051.48,541.67
ORD-0139,2025-08-17,East,Monitor,Online,Home Office,14,299.00,10,3767.40,2599.51,1167.89
ORD-0140,2025-08-18,West,Keyboard,Partner,Corporate,15,79.00,15,1007.25,735.29,271.96
ORD-0141,2025-08-19,North,Mouse,Retail,Consumer,16,39.00,0,624.00,386.88,237.12
ORD-0142,2025-08-20,South,Tablet,Online,Small Business,17,499.00,5,8058.85,5318.84,2740.01
ORD-0143,2025-08-21,East,Webcam,Partner,Home Office,18,89.00,10,1441.80,994.84,446.96
ORD-0144,2025-08-22,West,Smartphone,Retail,Corporate,19,899.00,15,14518.85,10598.76,3920.09
ORD-0145,2025-08-23,North,Laptop,Online,Consumer,20,1099.00,0,21980.00,13627.60,8352.40
ORD-0146,2025-08-24,South,Headphones,Partner,Small Business,21,129.00,5,2573.55,1698.54,875.01
ORD-0147,2025-08-25,East,Monitor,Retail,Home Office,22,299.00,10,5920.20,4084.94,1835.26
ORD-0148,2025-08-26,West,Keyboard,Online,Corporate,23,79.00,15,1544.45,1127.45,417.00
ORD-0149,2025-08-27,North,Mouse,Partner,Consumer,24,39.00,0,936.00,580.32,355.68
ORD-0150,2025-08-28,South,Tablet,Retail,Small Business,25,499.00,5,11851.25,7821.83,4029.42
ORD-0151,2025-08-29,East,Webcam,Online,Home Office,26,89.00,10,2082.60,1436.99,645.61
ORD-0152,2025-08-30,West,Smartphone,Partner,Corporate,27,899.00,15,20632.05,15061.40,5570.65
ORD-0153,2025-08-31,North,Laptop,Retail,Consumer,28,1099.00,0,30772.00,19078.64,11693.36
ORD-0154,2025-09-01,South,Headphones,Online,Small Business,29,129.00,5,3553.95,2345.61,1208.34
ORD-0155,2025-09-02,East,Monitor,Partner,Home Office,30,299.00,10,8073.00,5570.37,2502.63
ORD-0156,2025-09-03,West,Keyboard,Retail,Corporate,31,79.00,15,2081.65,1519.60,562.05
ORD-0157,2025-09-04,North,Mouse,Online,Consumer,32,39.00,0,1248.00,773.76,474.24
ORD-0158,2025-09-05,South,Tablet,Partner,Small Business,33,499.00,5,15643.65,10324.81,5318.84
ORD-0159,2025-09-06,East,Webcam,Retail,Home Office,34,89.00,10,2723.40,1879.15,844.25
ORD-0160,2025-09-07,West,Smartphone,Online,Corporate,35,899.00,15,26745.25,19524.03,7221.22
ORD-0161,2025-09-08,North,Laptop,Partner,Consumer,36,1099.00,0,39564.00,24529.68,15034.32
ORD-0162,2025-09-09,South,Headphones,Retail,Small Business,37,129.00,5,4534.35,2992.67,1541.68
ORD-0163,2025-09-10,East,Monitor,Online,Home Office,38,299.00,10,10225.80,7055.80,3170.00
ORD-0164,2025-09-11,West,Keyboard,Partner,Corporate,39,79.00,15,2618.85,1911.76,707.09
ORD-0165,2025-09-12,North,Mouse,Retail,Consumer,40,39.00,0,1560.00,967.20,592.80
ORD-0166,2025-09-13,South,Tablet,Online,Small Business,41,499.00,5,19436.05,12827.79,6608.26
ORD-0167,2025-09-14,East,Webcam,Partner,Home Office,42,89.00,10,3364.20,2321.30,1042.90
ORD-0168,2025-09-15,West,Smartphone,Retail,Corporate,43,899.00,15,32858.45,23986.67,8871.78
ORD-0169,2025-09-16,North,Laptop,Online,Consumer,44,1099.00,0,48356.00,29980.72,18375.28
ORD-0170,2025-09-17,South,Headphones,Partner,Small Business,45,129.00,5,5514.75,3639.74,1875.01
ORD-0171,2025-09-18,East,Monitor,Retail,Home Office,46,299.00,10,12378.60,8541.23,3837.37
ORD-0172,2025-09-19,West,Keyboard,Online,Corporate,47,79.00,15,3156.05,2303.92,852.13
ORD-0173,2025-09-20,North,Mouse,Partner,Consumer,48,39.00,0,1872.00,1160.64,711.36
ORD-0174,2025-09-21,South,Tablet,Retail,Small Business,49,499.00,5,23228.45,15330.78,7897.67
ORD-0175,2025-09-22,East,Webcam,Online,Home Office,50,89.00,10,4005.00,2763.45,1241.55
ORD-0176,2025-09-23,West,Smartphone,Partner,Corporate,51,899.00,15,38971.65,28449.30,10522.35
ORD-0177,2025-09-24,North,Laptop,Retail,Consumer,52,1099.00,0,57148.00,35431.76,21716.24
ORD-0178,2025-09-25,South,Headphones,Online,Small Business,53,129.00,5,6495.15,4286.80,2208.35
ORD-0179,2025-09-26,East,Monitor,Partner,Home Office,54,299.00,10,14531.40,10026.67,4504.73
ORD-0180,2025-09-27,West,Keyboard,Retail,Corporate,55,79.00,15,3693.25,2696.07,997.18
ORD-0181,2025-09-28,North,Mouse,Online,Consumer,56,39.00,0,2184.00,1354.08,829.92
ORD-0182,2025-09-29,South,Tablet,Partner,Small Business,57,499.00,5,27020.85,17833.76,9187.09
ORD-0183,2025-09-30,East,Webcam,Retail,Home Office,58,89.00,10,4645.80,3205.60,1440.20
ORD-0184,2025-10-01,West,Smartphone,Online,Corporate,59,899.00,15,45084.85,32911.94,12172.91
ORD-0185,2025-10-02,North,Laptop,Partner,Consumer,60,1099.00,0,65940.00,40882.80,25057.20
ORD-0186,2025-10-03,South,Headphones,Retail,Small Business,61,129.00,5,7475.55,4933.86,2541.69
ORD-0187,2025-10-04,East,Monitor,Online,Home Office,62,299.00,10,16684.20,11512.10,5172.10
ORD-0188,2025-10-05,West,Keyboard,Partner,Corporate,63,79.00,15,4230.45,3088.23,1142.22
ORD-0189,2025-10-06,North,Mouse,Retail,Consumer,64,39.00,0,2496.00,1547.52,948.48
ORD-0190,2025-10-07,South,Tablet,Online,Small Business,65,499.00,5,30813.25,20336.75,10476.50
ORD-0191,2025-10-08,East,Webcam,Partner,Home Office,66,89.00,10,5286.60,3647.75,1638.85
ORD-0192,2025-10-09,West,Smartphone,Retail,Corporate,67,899.00,15,51198.05,37374.58,13823.47
ORD-0193,2025-10-10,North,Laptop,Online,Consumer,68,1099.00,0,74732.00,46333.84,28398.16
ORD-0194,2025-10-11,South,Headphones,Partner,Small Business,69,129.00,5,8455.95,5580.93,2875.02
ORD-0195,2025-10-12,East,Monitor,Retail,Home Office,70,299.00,10,18837.00,12997.53,5839.47
ORD-0196,2025-10-13,West,Keyboard,Online,Corporate,71,79.00,15,4767.65,3480.38,1287.27
ORD-0197,2025-10-14,North,Mouse,Partner,Consumer,72,39.00,0,2808.00,1740.96,1067.04
ORD-0198,2025-10-15,South,Tablet,Retail,Small Business,73,499.00,5,34605.65,22839.73,11765.92
ORD-0199,2025-10-16,East,Webcam,Online,Home Office,74,89.00,10,5927.40,4089.91,1837.49
ORD-0200,2025-10-17,West,Smartphone,Partner,Corporate,75,899.00,15,57311.25,41837.21,15474.04
ORD-0201,2025-10-18,North,Laptop,Retail,Consumer,76,1099.00,0,83524.00,51784.88,31739.12
ORD-0202,2025-10-19,South,Headphones,Online,Small Business,10,129.00,5,1225.50,808.83,416.67
ORD-0203,2025-10-20,East,Monitor,Partner,Home Office,11,299.00,10,2960.10,2042.47,917.63
ORD-0204,2025-10-21,West,Keyboard,Retail,Corporate,12,79.00,15,805.80,588.23,217.57
ORD-0205,2025-10-22,North,Mouse,Online,Consumer,13,39.00,0,507.00,314.34,192.66
ORD-0206,2025-10-23,South,Tablet,Partner,Small Business,14,499.00,5,6636.70,4380.22,2256.48
ORD-0207,2025-10-24,East,Webcam,Retail,Home Office,15,89.00,10,1201.50,829.03,372.47
ORD-0208,2025-10-25,West,Smartphone,Online,Corporate,16,899.00,15,12226.40,8925.27,3301.13
ORD-0209,2025-10-26,North,Laptop,Partner,Consumer,17,1099.00,0,18683.00,11583.46,7099.54
ORD-0210,2025-10-27,South,Headphones,Retail,Small Business,18,129.00,5,2205.90,1455.89,750.01
ORD-0211,2025-10-28,East,Monitor,Online,Home Office,19,299.00,10,5112.90,3527.90,1585.00
ORD-0212,2025-10-29,West,Keyboard,Partner,Corporate,20,79.00,15,1343.00,980.39,362.61
ORD-0213,2025-10-30,North,Mouse,Retail,Consumer,21,39.00,0,819.00,507.78,311.22
ORD-0214,2025-10-31,South,Tablet,Online,Small Business,22,499.00,5,10429.10,6883.21,3545.89
ORD-0215,2025-11-01,East,Webcam,Partner,Home Office,23,89.00,10,1842.30,1271.19,571.11
ORD-0216,2025-11-02,West,Smartphone,Retail,Corporate,24,899.00,15,18339.60,13387.91,4951.69
ORD-0217,2025-11-03,North,Laptop,Online,Consumer,25,1099.00,0,27475.00,17034.50,10440.50
ORD-0218,2025-11-04,South,Headphones,Partner,Small Business,26,129.00,5,3186.30,2102.96,1083.34
ORD-0219,2025-11-05,East,Monitor,Retail,Home Office,27,299.00,10,7265.70,5013.33,2252.37
ORD-0220,2025-11-06,West,Keyboard,Online,Corporate,28,79.00,15,1880.20,1372.55,507.65
ORD-0221,2025-11-07,North,Mouse,Partner,Consumer,29,39.00,0,1131.00,701.22,429.78
ORD-0222,2025-11-08,South,Tablet,Retail,Small Business,30,499.00,5,14221.50,9386.19,4835.31
ORD-0223,2025-11-09,East,Webcam,Online,Home Office,31,89.00,10,2483.10,1713.34,769.76
ORD-0224,2025-11-10,West,Smartphone,Partner,Corporate,32,899.00,15,24452.80,17850.54,6602.26
ORD-0225,2025-11-11,North,Laptop,Retail,Consumer,33,1099.00,0,36267.00,22485.54,13781.46
ORD-0226,2025-11-12,South,Headphones,Online,Small Business,34,129.00,5,4166.70,2750.02,1416.68
ORD-0227,2025-11-13,East,Monitor,Partner,Home Office,35,299.00,10,9418.50,6498.76,2919.74
ORD-0228,2025-11-14,West,Keyboard,Retail,Corporate,36,79.00,15,2417.40,1764.70,652.70
ORD-0229,2025-11-15,North,Mouse,Online,Consumer,37,39.00,0,1443.00,894.66,548.34
ORD-0230,2025-11-16,South,Tablet,Partner,Small Business,38,499.00,5,18013.90,11889.17,6124.73
ORD-0231,2025-11-17,East,Webcam,Retail,Home Office,39,89.00,10,3123.90,2155.49,968.41
ORD-0232,2025-11-18,West,Smartphone,Online,Corporate,40,899.00,15,30566.00,22313.18,8252.82
ORD-0233,2025-11-19,North,Laptop,Partner,Consumer,41,1099.00,0,45059.00,27936.58,17122.42
ORD-0234,2025-11-20,South,Headphones,Retail,Small Business,42,129.00,5,5147.10,3397.09,1750.01
ORD-0235,2025-11-21,East,Monitor,Online,Home Office,43,299.00,10,11571.30,7984.20,3587.10
ORD-0236,2025-11-22,West,Keyboard,Partner,Corporate,44,79.00,15,2954.60,2156.86,797.74
ORD-0237,2025-11-23,North,Mouse,Retail,Consumer,45,39.00,0,1755.00,1088.10,666.90
ORD-0238,2025-11-24,South,Tablet,Online,Small Business,46,499.00,5,21806.30,14392.16,7414.14
ORD-0239,2025-11-25,East,Webcam,Partner,Home Office,47,89.00,10,3764.70,2597.64,1167.06
ORD-0240,2025-11-26,West,Smartphone,Retail,Corporate,48,899.00,15,36679.20,26775.82,9903.38
ORD-0241,2025-11-27,North,Laptop,Online,Consumer,49,1099.00,0,53851.00,33387.62,20463.38
ORD-0242,2025-11-28,South,Headphones,Partner,Small Business,50,129.00,5,6127.50,4044.15,2083.35
ORD-0243,2025-11-29,East,Monitor,Retail,Home Office,51,299.00,10,13724.10,9469.63,4254.47
ORD-0244,2025-11-30,West,Keyboard,Online,Corporate,52,79.00,15,3491.80,2549.01,942.79
ORD-0245,2025-12-01,North,Mouse,Partner,Consumer,53,39.00,0,2067.00,1281.54,785.46
ORD-0246,2025-12-02,South,Tablet,Retail,Small Business,54,499.00,5,25598.70,16895.14,8703.56
ORD-0247,2025-12-03,East,Webcam,Online,Home Office,55,89.00,10,4405.50,3039.79,1365.71
ORD-0248,2025-12-04,West,Smartphone,Partner,Corporate,56,899.00,15,42792.40,31238.45,11553.95
ORD-0249,2025-12-05,North,Laptop,Retail,Consumer,57,1099.00,0,62643.00,38838.66,23804.34
ORD-0250,2025-12-06,South,Headphones,Online,Small Business,58,129.00,5,7107.90,4691.21,2416.69
ORD-0251,2025-12-07,East,Monitor,Partner,Home Office,59,299.00,10,15876.90,10955.06,4921.84
ORD-0252,2025-12-08,West,Keyboard,Retail,Corporate,60,79.00,15,4029.00,2941.17,1087.83
ORD-0253,2025-12-09,North,Mouse,Online,Consumer,61,39.00,0,2379.00,1474.98,904.02
ORD-0254,2025-12-10,South,Tablet,Partner,Small Business,62,499.00,5,29391.10,19398.13,9992.97
ORD-0255,2025-12-11,East,Webcam,Retail,Home Office,63,89.00,10,5046.30,3481.95,1564.35
ORD-0256,2025-12-12,West,Smartphone,Online,Corporate,64,899.00,15,48905.60,35701.09,13204.51
ORD-0257,2025-12-13,North,Laptop,Partner,Consumer,65,1099.00,0,71435.00,44289.70,27145.30
ORD-0258,2025-12-14,South,Headphones,Retail,Small Business,66,129.00,5,8088.30,5338.28,2750.02
ORD-0259,2025-12-15,East,Monitor,Online,Home Office,67,299.00,10,18029.70,12440.49,5589.21
ORD-0260,2025-12-16,West,Keyboard,Partner,Corporate,68,79.00,15,4566.20,3333.33,1232.87
ORD-0261,2025-12-17,North,Mouse,Retail,Consumer,69,39.00,0,2691.00,1668.42,1022.58
ORD-0262,2025-12-18,South,Tablet,Online,Small Business,70,499.00,5,33183.50,21901.11,11282.39
ORD-0263,2025-12-19,East,Webcam,Partner,Home Office,71,89.00,10,5687.10,3924.10,1763.00
ORD-0264,2025-12-20,West,Smartphone,Retail,Corporate,72,899.00,15,55018.80,40163.72,14855.08
ORD-0265,2025-12-21,North,Laptop,Online,Consumer,73,1099.00,0,80227.00,49740.74,30486.26
ORD-0266,2025-12-22,South,Headphones,Partner,Small Business,74,129.00,5,9068.70,5985.34,3083.36
ORD-0267,2025-12-23,East,Monitor,Retail,Home Office,75,299.00,10,20182.50,13925.92,6256.58
ORD-0268,2025-12-24,West,Keyboard,Online,Corporate,76,79.00,15,5103.40,3725.48,1377.92
ORD-0269,2025-12-25,North,Mouse,Partner,Consumer,10,39.00,0,390.00,241.80,148.20
ORD-0270,2025-12-26,South,Tablet,Retail,Small Business,11,499.00,5,5214.55,3441.60,1772.95
ORD-0271,2025-12-27,East,Webcam,Online,Home Office,12,89.00,10,961.20,663.23,297.97
ORD-0272,2025-12-28,West,Smartphone,Partner,Corporate,13,899.00,15,9933.95,7251.78,2682.17
ORD-0273,2025-12-29,North,Laptop,Retail,Consumer,14,1099.00,0,15386.00,9539.32,5846.68
ORD-0274,2025-12-30,South,Headphones,Online,Small Business,15,129.00,5,1838.25,1213.25,625.00
ORD-0275,2025-12-31,East,Monitor,Partner,Home Office,16,299.00,10,4305.60,2970.86,1334.74
ORD-0276,2026-01-01,West,Keyboard,Retail,Corporate,17,79.00,15,1141.55,833.33,308.22
ORD-0277,2026-01-02,North,Mouse,Online,Consumer,18,39.00,0,702.00,435.24,266.76
ORD-0278,2026-01-03,South,Tablet,Partner,Small Business,19,499.00,5,9006.95,5944.59,3062.36
ORD-0279,2026-01-04,East,Webcam,Retail,Home Office,20,89.00,10,1602.00,1105.38,496.62
ORD-0280,2026-01-05,West,Smartphone,Online,Corporate,21,899.00,15,16047.15,11714.42,4332.73
ORD-0281,2026-01-06,North,Laptop,Partner,Consumer,22,1099.00,0,24178.00,14990.36,9187.64
ORD-0282,2026-01-07,South,Headphones,Retail,Small Business,23,129.00,5,2818.65,1860.31,958.34
ORD-0283,2026-01-08,East,Monitor,Online,Home Office,24,299.00,10,6458.40,4456.30,2002.10
ORD-0284,2026-01-09,West,Keyboard,Partner,Corporate,25,79.00,15,1678.75,1225.49,453.26
ORD-0285,2026-01-10,North,Mouse,Retail,Consumer,26,39.00,0,1014.00,628.68,385.32
ORD-0286,2026-01-11,South,Tablet,Online,Small Business,27,499.00,5,12799.35,8447.57,4351.78
ORD-0287,2026-01-12,East,Webcam,Partner,Home Office,28,89.00,10,2242.80,1547.53,695.27
ORD-0288,2026-01-13,West,Smartphone,Retail,Corporate,29,899.00,15,22160.35,16177.06,5983.29
ORD-0289,2026-01-14,North,Laptop,Online,Consumer,30,1099.00,0,32970.00,20441.40,12528.60
ORD-0290,2026-01-15,South,Headphones,Partner,Small Business,31,129.00,5,3799.05,2507.37,1291.68
ORD-0291,2026-01-16,East,Monitor,Retail,Home Office,32,299.00,10,8611.20,5941.73,2669.47
ORD-0292,2026-01-17,West,Keyboard,Online,Corporate,33,79.00,15,2215.95,1617.64,598.31
ORD-0293,2026-01-18,North,Mouse,Partner,Consumer,34,39.00,0,1326.00,822.12,503.88
ORD-0294,2026-01-19,South,Tablet,Retail,Small Business,35,499.00,5,16591.75,10950.56,5641.19
ORD-0295,2026-01-20,East,Webcam,Online,Home Office,36,89.00,10,2883.60,1989.68,893.92
ORD-0296,2026-01-21,West,Smartphone,Partner,Corporate,37,899.00,15,28273.55,20639.69,7633.86
ORD-0297,2026-01-22,North,Laptop,Retail,Consumer,38,1099.00,0,41762.00,25892.44,15869.56
ORD-0298,2026-01-23,South,Headphones,Online,Small Business,39,129.00,5,4779.45,3154.44,1625.01
ORD-0299,2026-01-24,East,Monitor,Partner,Home Office,40,299.00,10,10764.00,7427.16,3336.84
ORD-0300,2026-01-25,West,Keyboard,Retail,Corporate,41,79.00,15,2753.15,2009.80,743.35
ORD-0301,2026-01-26,North,Mouse,Online,Consumer,42,39.00,0,1638.00,1015.56,622.44
ORD-0302,2026-01-27,South,Tablet,Partner,Small Business,43,499.00,5,20384.15,13453.54,6930.61
ORD-0303,2026-01-28,East,Webcam,Retail,Home Office,44,89.00,10,3524.40,2431.84,1092.56
ORD-0304,2026-01-29,West,Smartphone,Online,Corporate,45,899.00,15,34386.75,25102.33,9284.42
ORD-0305,2026-01-30,North,Laptop,Partner,Consumer,46,1099.00,0,50554.00,31343.48,19210.52
ORD-0306,2026-01-31,South,Headphones,Retail,Small Business,47,129.00,5,5759.85,3801.50,1958.35
ORD-0307,2026-02-01,East,Monitor,Online,Home Office,48,299.00,10,12916.80,8912.59,4004.21
ORD-0308,2026-02-02,West,Keyboard,Partner,Corporate,49,79.00,15,3290.35,2401.96,888.39
ORD-0309,2026-02-03,North,Mouse,Retail,Consumer,50,39.00,0,1950.00,1209.00,741.00
ORD-0310,2026-02-04,South,Tablet,Online,Small Business,51,499.00,5,24176.55,15956.52,8220.03
ORD-0311,2026-02-05,East,Webcam,Partner,Home Office,52,89.00,10,4165.20,2873.99,1291.21
ORD-0312,2026-02-06,West,Smartphone,Retail,Corporate,53,899.00,15,40499.95,29564.96,10934.99
ORD-0313,2026-02-07,North,Laptop,Online,Consumer,54,1099.00,0,59346.00,36794.52,22551.48
ORD-0314,2026-02-08,South,Headphones,Partner,Small Business,55,129.00,5,6740.25,4448.57,2291.68
ORD-0315,2026-02-09,East,Monitor,Retail,Home Office,56,299.00,10,15069.60,10398.02,4671.58
ORD-0316,2026-02-10,West,Keyboard,Online,Corporate,57,79.00,15,3827.55,2794.11,1033.44
ORD-0317,2026-02-11,North,Mouse,Partner,Consumer,58,39.00,0,2262.00,1402.44,859.56
ORD-0318,2026-02-12,South,Tablet,Retail,Small Business,59,499.00,5,27968.95,18459.51,9509.44
ORD-0319,2026-02-13,East,Webcam,Online,Home Office,60,89.00,10,4806.00,3316.14,1489.86
ORD-0320,2026-02-14,West,Smartphone,Partner,Corporate,61,899.00,15,46613.15,34027.60,12585.55
ORD-0321,2026-02-15,North,Laptop,Retail,Consumer,62,1099.00,0,68138.00,42245.56,25892.44
ORD-0322,2026-02-16,South,Headphones,Online,Small Business,63,129.00,5,7720.65,5095.63,2625.02
ORD-0323,2026-02-17,East,Monitor,Partner,Home Office,64,299.00,10,17222.40,11883.46,5338.94
ORD-0324,2026-02-18,West,Keyboard,Retail,Corporate,65,79.00,15,4364.75,3186.27,1178.48
ORD-0325,2026-02-19,North,Mouse,Online,Consumer,66,39.00,0,2574.00,1595.88,978.12
ORD-0326,2026-02-20,South,Tablet,Partner,Small Business,67,499.00,5,31761.35,20962.49,10798.86
ORD-0327,2026-02-21,East,Webcam,Retail,Home Office,68,89.00,10,5446.80,3758.29,1688.51
ORD-0328,2026-02-22,West,Smartphone,Online,Corporate,69,899.00,15,52726.35,38490.24,14236.11
ORD-0329,2026-02-23,North,Laptop,Partner,Consumer,70,1099.00,0,76930.00,47696.60,29233.40
ORD-0330,2026-02-24,South,Headphones,Retail,Small Business,71,129.00,5,8701.05,5742.69,2958.36
ORD-0331,2026-02-25,East,Monitor,Online,Home Office,72,299.00,10,19375.20,13368.89,6006.31
ORD-0332,2026-02-26,West,Keyboard,Partner,Corporate,73,79.00,15,4901.95,3578.42,1323.53
ORD-0333,2026-02-27,North,Mouse,Retail,Consumer,74,39.00,0,2886.00,1789.32,1096.68
ORD-0334,2026-02-28,South,Tablet,Online,Small Business,75,499.00,5,35553.75,23465.48,12088.27
ORD-0335,2026-03-01,East,Webcam,Partner,Home Office,76,89.00,10,6087.60,4200.44,1887.16
ORD-0336,2026-03-02,West,Smartphone,Retail,Corporate,10,899.00,15,7641.50,5578.30,2063.20
ORD-0337,2026-03-03,North,Laptop,Online,Consumer,11,1099.00,0,12089.00,7495.18,4593.82
ORD-0338,2026-03-04,South,Headphones,Partner,Small Business,12,129.00,5,1470.60,970.60,500.00
ORD-0339,2026-03-05,East,Monitor,Retail,Home Office,13,299.00,10,3498.30,2413.83,1084.47
ORD-0340,2026-03-06,West,Keyboard,Online,Corporate,14,79.00,15,940.10,686.27,253.83
ORD-0341,2026-03-07,North,Mouse,Partner,Consumer,15,39.00,0,585.00,362.70,222.30
ORD-0342,2026-03-08,South,Tablet,Retail,Small Business,16,499.00,5,7584.80,5005.97,2578.83
ORD-0343,2026-03-09,East,Webcam,Online,Home Office,17,89.00,10,1361.70,939.57,422.13
ORD-0344,2026-03-10,West,Smartphone,Partner,Corporate,18,899.00,15,13754.70,10040.93,3713.77
ORD-0345,2026-03-11,North,Laptop,Retail,Consumer,19,1099.00,0,20881.00,12946.22,7934.78
ORD-0346,2026-03-12,South,Headphones,Online,Small Business,20,129.00,5,2451.00,1617.66,833.34
ORD-0347,2026-03-13,East,Monitor,Partner,Home Office,21,299.00,10,5651.10,3899.26,1751.84
ORD-0348,2026-03-14,West,Keyboard,Retail,Corporate,22,79.00,15,1477.30,1078.43,398.87
ORD-0349,2026-03-15,North,Mouse,Online,Consumer,23,39.00,0,897.00,556.14,340.86
ORD-0350,2026-03-16,South,Tablet,Partner,Small Business,24,499.00,5,11377.20,7508.95,3868.25
ORD-0351,2026-03-17,East,Webcam,Retail,Home Office,25,89.00,10,2002.50,1381.72,620.78
ORD-0352,2026-03-18,West,Smartphone,Online,Corporate,26,899.00,15,19867.90,14503.57,5364.33
ORD-0353,2026-03-19,North,Laptop,Partner,Consumer,27,1099.00,0,29673.00,18397.26,11275.74
ORD-0354,2026-03-20,South,Headphones,Retail,Small Business,28,129.00,5,3431.40,2264.72,1166.68
ORD-0355,2026-03-21,East,Monitor,Online,Home Office,29,299.00,10,7803.90,5384.69,2419.21
ORD-0356,2026-03-22,West,Keyboard,Partner,Corporate,30,79.00,15,2014.50,1470.59,543.91
ORD-0357,2026-03-23,North,Mouse,Retail,Consumer,31,39.00,0,1209.00,749.58,459.42
ORD-0358,2026-03-24,South,Tablet,Online,Small Business,32,499.00,5,15169.60,10011.94,5157.66
ORD-0359,2026-03-25,East,Webcam,Partner,Home Office,33,89.00,10,2643.30,1823.88,819.42
ORD-0360,2026-03-26,West,Smartphone,Retail,Corporate,34,899.00,15,25981.10,18966.20,7014.90
ORD-0361,2026-03-27,North,Laptop,Online,Consumer,35,1099.00,0,38465.00,23848.30,14616.70
ORD-0362,2026-03-28,South,Headphones,Partner,Small Business,36,129.00,5,4411.80,2911.79,1500.01
ORD-0363,2026-03-29,East,Monitor,Retail,Home Office,37,299.00,10,9956.70,6870.12,3086.58
ORD-0364,2026-03-30,West,Keyboard,Online,Corporate,38,79.00,15,2551.70,1862.74,688.96
ORD-0365,2026-03-31,North,Mouse,Partner,Consumer,39,39.00,0,1521.00,943.02,577.98
ORD-0366,2026-04-01,South,Tablet,Retail,Small Business,40,499.00,5,18962.00,12514.92,6447.08
ORD-0367,2026-04-02,East,Webcam,Online,Home Office,41,89.00,10,3284.10,2266.03,1018.07
ORD-0368,2026-04-03,West,Smartphone,Partner,Corporate,42,899.00,15,32094.30,23428.84,8665.46
ORD-0369,2026-04-04,North,Laptop,Retail,Consumer,43,1099.00,0,47257.00,29299.34,17957.66
ORD-0370,2026-04-05,South,Headphones,Online,Small Business,44,129.00,5,5392.20,3558.85,1833.35
ORD-0371,2026-04-06,East,Monitor,Partner,Home Office,45,299.00,10,12109.50,8355.55,3753.95
ORD-0372,2026-04-07,West,Keyboard,Retail,Corporate,46,79.00,15,3088.90,2254.90,834.00
ORD-0373,2026-04-08,North,Mouse,Online,Consumer,47,39.00,0,1833.00,1136.46,696.54
ORD-0374,2026-04-09,South,Tablet,Partner,Small Business,48,499.00,5,22754.40,15017.90,7736.50
ORD-0375,2026-04-10,East,Webcam,Retail,Home Office,49,89.00,10,3924.90,2708.18,1216.72
ORD-0376,2026-04-11,West,Smartphone,Online,Corporate,50,899.00,15,38207.50,27891.47,10316.03
ORD-0377,2026-04-12,North,Laptop,Partner,Consumer,51,1099.00,0,56049.00,34750.38,21298.62
ORD-0378,2026-04-13,South,Headphones,Retail,Small Business,52,129.00,5,6372.60,4205.92,2166.68
ORD-0379,2026-04-14,East,Monitor,Online,Home Office,53,299.00,10,14262.30,9840.99,4421.31
ORD-0380,2026-04-15,West,Keyboard,Partner,Corporate,54,79.00,15,3626.10,2647.05,979.05
ORD-0381,2026-04-16,North,Mouse,Retail,Consumer,55,39.00,0,2145.00,1329.90,815.10
ORD-0382,2026-04-17,South,Tablet,Online,Small Business,56,499.00,5,26546.80,17520.89,9025.91
ORD-0383,2026-04-18,East,Webcam,Partner,Home Office,57,89.00,10,4565.70,3150.33,1415.37
ORD-0384,2026-04-19,West,Smartphone,Retail,Corporate,58,899.00,15,44320.70,32354.11,11966.59
ORD-0385,2026-04-20,North,Laptop,Online,Consumer,59,1099.00,0,64841.00,40201.42,24639.58
ORD-0386,2026-04-21,South,Headphones,Partner,Small Business,60,129.00,5,7353.00,4852.98,2500.02
ORD-0387,2026-04-22,East,Monitor,Retail,Home Office,61,299.00,10,16415.10,11326.42,5088.68
ORD-0388,2026-04-23,West,Keyboard,Online,Corporate,62,79.00,15,4163.30,3039.21,1124.09
ORD-0389,2026-04-24,North,Mouse,Partner,Consumer,63,39.00,0,2457.00,1523.34,933.66
ORD-0390,2026-04-25,South,Tablet,Retail,Small Business,64,499.00,5,30339.20,20023.87,10315.33
ORD-0391,2026-04-26,East,Webcam,Online,Home Office,65,89.00,10,5206.50,3592.48,1614.02
ORD-0392,2026-04-27,West,Smartphone,Partner,Corporate,66,899.00,15,50433.90,36816.75,13617.15
ORD-0393,2026-04-28,North,Laptop,Retail,Consumer,67,1099.00,0,73633.00,45652.46,27980.54
ORD-0394,2026-04-29,South,Headphones,Online,Small Business,68,129.00,5,8333.40,5500.04,2833.36
ORD-0395,2026-04-30,East,Monitor,Partner,Home Office,69,299.00,10,18567.90,12811.85,5756.05
ORD-0396,2026-05-01,West,Keyboard,Retail,Corporate,70,79.00,15,4700.50,3431.36,1269.14
ORD-0397,2026-05-02,North,Mouse,Online,Consumer,71,39.00,0,2769.00,1716.78,1052.22
ORD-0398,2026-05-03,South,Tablet,Partner,Small Business,72,499.00,5,34131.60,22526.86,11604.74
ORD-0399,2026-05-04,East,Webcam,Retail,Home Office,73,89.00,10,5847.30,4034.64,1812.66
ORD-0400,2026-05-05,West,Smartphone,Online,Corporate,74,899.00,15,56547.10,41279.38,15267.72
ORD-0401,2026-05-06,North,Laptop,Partner,Consumer,75,1099.00,0,82425.00,51103.50,31321.50
ORD-0402,2026-05-07,South,Headphones,Retail,Small Business,76,129.00,5,9313.80,6147.11,3166.69
ORD-0403,2026-05-08,East,Monitor,Online,Home Office,10,299.00,10,2691.00,1856.79,834.21
ORD-0404,2026-05-09,West,Keyboard,Partner,Corporate,11,79.00,15,738.65,539.21,199.44
ORD-0405,2026-05-10,North,Mouse,Retail,Consumer,12,39.00,0,468.00,290.16,177.84
ORD-0406,2026-05-11,South,Tablet,Online,Small Business,13,499.00,5,6162.65,4067.35,2095.30
ORD-0407,2026-05-12,East,Webcam,Partner,Home Office,14,89.00,10,1121.40,773.77,347.63
ORD-0408,2026-05-13,West,Smartphone,Retail,Corporate,15,899.00,15,11462.25,8367.44,3094.81
ORD-0409,2026-05-14,North,Laptop,Online,Consumer,16,1099.00,0,17584.00,10902.08,6681.92
ORD-0410,2026-05-15,South,Headphones,Partner,Small Business,17,129.00,5,2083.35,1375.01,708.34
ORD-0411,2026-05-16,East,Monitor,Retail,Home Office,18,299.00,10,4843.80,3342.22,1501.58
ORD-0412,2026-05-17,West,Keyboard,Online,Corporate,19,79.00,15,1275.85,931.37,344.48
ORD-0413,2026-05-18,North,Mouse,Partner,Consumer,20,39.00,0,780.00,483.60,296.40
ORD-0414,2026-05-19,South,Tablet,Retail,Small Business,21,499.00,5,9955.05,6570.33,3384.72
ORD-0415,2026-05-20,East,Webcam,Online,Home Office,22,89.00,10,1762.20,1215.92,546.28
ORD-0416,2026-05-21,West,Smartphone,Partner,Corporate,23,899.00,15,17575.45,12830.08,4745.37
ORD-0417,2026-05-22,North,Laptop,Retail,Consumer,24,1099.00,0,26376.00,16353.12,10022.88
ORD-0418,2026-05-23,South,Headphones,Online,Small Business,25,129.00,5,3063.75,2022.08,1041.67
ORD-0419,2026-05-24,East,Monitor,Partner,Home Office,26,299.00,10,6996.60,4827.65,2168.95
ORD-0420,2026-05-25,West,Keyboard,Retail,Corporate,27,79.00,15,1813.05,1323.53,489.52
ORD-0421,2026-05-26,North,Mouse,Online,Consumer,28,39.00,0,1092.00,677.04,414.96
ORD-0422,2026-05-27,South,Tablet,Partner,Small Business,29,499.00,5,13747.45,9073.32,4674.13
ORD-0423,2026-05-28,East,Webcam,Retail,Home Office,30,89.00,10,2403.00,1658.07,744.93
ORD-0424,2026-05-29,West,Smartphone,Online,Corporate,31,899.00,15,23688.65,17292.71,6395.94
ORD-0425,2026-05-30,North,Laptop,Partner,Consumer,32,1099.00,0,35168.00,21804.16,13363.84
ORD-0426,2026-05-31,South,Headphones,Retail,Small Business,33,129.00,5,4044.15,2669.14,1375.01
ORD-0427,2026-06-01,East,Monitor,Online,Home Office,34,299.00,10,9149.40,6313.09,2836.31
ORD-0428,2026-06-02,West,Keyboard,Partner,Corporate,35,79.00,15,2350.25,1715.68,634.57
ORD-0429,2026-06-03,North,Mouse,Retail,Consumer,36,39.00,0,1404.00,870.48,533.52
ORD-0430,2026-06-04,South,Tablet,Online,Small Business,37,499.00,5,17539.85,11576.30,5963.55
ORD-0431,2026-06-05,East,Webcam,Partner,Home Office,38,89.00,10,3043.80,2100.22,943.58
ORD-0432,2026-06-06,West,Smartphone,Retail,Corporate,39,899.00,15,29801.85,21755.35,8046.50
ORD-0433,2026-06-07,North,Laptop,Online,Consumer,40,1099.00,0,43960.00,27255.20,16704.80
ORD-0434,2026-06-08,South,Headphones,Partner,Small Business,41,129.00,5,5024.55,3316.20,1708.35
ORD-0435,2026-06-09,East,Monitor,Retail,Home Office,42,299.00,10,11302.20,7798.52,3503.68
ORD-0436,2026-06-10,West,Keyboard,Online,Corporate,43,79.00,15,2887.45,2107.84,779.61
ORD-0437,2026-06-11,North,Mouse,Partner,Consumer,44,39.00,0,1716.00,1063.92,652.08
ORD-0438,2026-06-12,South,Tablet,Retail,Small Business,45,499.00,5,21332.25,14079.28,7252.97
ORD-0439,2026-06-13,East,Webcam,Online,Home Office,46,89.00,10,3684.60,2542.37,1142.23
ORD-0440,2026-06-14,West,Smartphone,Partner,Corporate,47,899.00,15,35915.05,26217.99,9697.06
ORD-0441,2026-06-15,North,Laptop,Retail,Consumer,48,1099.00,0,52752.00,32706.24,20045.76
ORD-0442,2026-06-16,South,Headphones,Online,Small Business,49,129.00,5,6004.95,3963.27,2041.68
ORD-0443,2026-06-17,East,Monitor,Partner,Home Office,50,299.00,10,13455.00,9283.95,4171.05
ORD-0444,2026-06-18,West,Keyboard,Retail,Corporate,51,79.00,15,3424.65,2499.99,924.66
ORD-0445,2026-06-19,North,Mouse,Online,Consumer,52,39.00,0,2028.00,1257.36,770.64
ORD-0446,2026-06-20,South,Tablet,Partner,Small Business,53,499.00,5,25124.65,16582.27,8542.38
ORD-0447,2026-06-21,East,Webcam,Retail,Home Office,54,89.00,10,4325.40,2984.53,1340.87
ORD-0448,2026-06-22,West,Smartphone,Online,Corporate,55,899.00,15,42028.25,30680.62,11347.63
ORD-0449,2026-06-23,North,Laptop,Partner,Consumer,56,1099.00,0,61544.00,38157.28,23386.72
ORD-0450,2026-06-24,South,Headphones,Retail,Small Business,57,129.00,5,6985.35,4610.33,2375.02
ORD-0451,2026-06-25,East,Monitor,Online,Home Office,58,299.00,10,15607.80,10769.38,4838.42
ORD-0452,2026-06-26,West,Keyboard,Partner,Corporate,59,79.00,15,3961.85,2892.15,1069.70
ORD-0453,2026-06-27,North,Mouse,Retail,Consumer,60,39.00,0,2340.00,1450.80,889.20
ORD-0454,2026-06-28,South,Tablet,Online,Small Business,61,499.00,5,28917.05,19085.25,9831.80
ORD-0455,2026-06-29,East,Webcam,Partner,Home Office,62,89.00,10,4966.20,3426.68,1539.52
ORD-0456,2026-06-30,West,Smartphone,Retail,Corporate,63,899.00,15,48141.45,35143.26,12998.19
ORD-0457,2026-07-01,North,Laptop,Online,Consumer,64,1099.00,0,70336.00,43608.32,26727.68
ORD-0458,2026-07-02,South,Headphones,Partner,Small Business,65,129.00,5,7965.75,5257.40,2708.35
ORD-0459,2026-07-03,East,Monitor,Retail,Home Office,66,299.00,10,17760.60,12254.81,5505.79
ORD-0460,2026-07-04,West,Keyboard,Online,Corporate,67,79.00,15,4499.05,3284.31,1214.74
ORD-0461,2026-07-05,North,Mouse,Partner,Consumer,68,39.00,0,2652.00,1644.24,1007.76
ORD-0462,2026-07-06,South,Tablet,Retail,Small Business,69,499.00,5,32709.45,21588.24,11121.21
ORD-0463,2026-07-07,East,Webcam,Online,Home Office,70,89.00,10,5607.00,3868.83,1738.17
ORD-0464,2026-07-08,West,Smartphone,Partner,Corporate,71,899.00,15,54254.65,39605.89,14648.76
ORD-0465,2026-07-09,North,Laptop,Retail,Consumer,72,1099.00,0,79128.00,49059.36,30068.64
ORD-0466,2026-07-10,South,Headphones,Online,Small Business,73,129.00,5,8946.15,5904.46,3041.69
